Selected,genes,log2 (ratio),-log10 (P_value)
No,ACADVL,0.80764,1.504
No,ACER3,1.40483,1.31851
No,ACTG1,0.82704,1.57752
No,ADAM28,2.64472,8.13268
No,ADAMTS16,0.749646,2.30173
No,ADH1A,0.952232,2.15405
No,ADH1C,4.5417,16.6451
No,ADRB1,0.853169,3.19101
No,AGPAT5,0.808287,3.55014
No,AGR2,1.3955,1.71753
No,AKR1C1,-0.902604,1.95304
No,ALDH3B2,-0.729902,1.46892
No,AMBP,0.950491,3.76755
No,ANAPC11,-0.696281,2.28949
No,ANK3,1.06084,2.76045
No,ANKLE2,0.666569,2.07329
No,ANKRD12,-1.19324,2.38858
No,ANKRD18A,-0.823704,1.55696
No,ANKRD37,1.0273,1.85606
No,APLP2,1.09065,2.55224
No,APOL1,0.970061,1.49158
No,APOL2,0.755051,1.94315
No,APPBP2,-0.693423,1.38392
No,ARF6,0.66368,1.61192
No,ARFIP2,0.867401,2.10401
No,ARHGAP26,0.814682,2.30987
No,ARL15,1.02049,1.90336
No,ARL2BP,-0.928768,1.53286
No,ARL5B,1.03808,3.24073
No,ARL8B,-0.761264,1.39159
No,ARPC4,-0.901402,1.58208
No,ARRDC4,1.23224,6.5516
No,ASAH1,1.11817,5.09425
No,ATP6V1B2,0.855168,2.19693
No,AUTS2,0.700141,2.22188
No,AWAT1,0.67155,1.67657
No,B3GNT6,0.734535,2.65668
No,BAZ2A,0.903138,4.41544
No,BCAS1,1.66706,3.70139
No,BCL2L2,-0.753471,1.50453
No,BICD1,1.42746,3.93661
No,BRAP,1.0459,2.70446
No,BRCC3,1.22693,3.57027
No,BRD9,0.822949,1.41827
No,BTG3,0.958084,1.82712
No,C10orf81,2.12277,3.45107
No,C11orf24,1.13289,4.43791
No,C11orf67,0.766509,2.11435
No,C13orf33,0.704476,1.9231
No,C14orf1,0.979832,2.87168
No,C14orf167,-0.835965,1.49834
No,C15orf43,1.88031,9.54819
No,C15orf55,0.701736,4.44722
No,C15orf57,0.858784,1.92782
No,C15orf63,0.798301,1.80931
No,C16orf61,-1.07644,1.90512
No,C17orf105,0.906958,3.85383
No,C17orf81,0.728663,3.31064
No,C19orf67,0.739576,4.27493
No,C20orf111,0.816965,1.54653
No,C20orf203,0.723324,1.51279
No,C20orf3,1.15653,4.20483
No,C20orf96,0.78125,2.06031
No,C21orf119,0.861666,3.06959
No,C21orf57,0.884717,1.31175
No,C3AR1,0.940125,2.22006
No,C4orf3,-1.61219,1.8266
No,C5orf25,0.815764,3.21269
No,C5orf34,0.886229,4.05193
No,C5orf48,0.738169,3.11664
No,C7orf42,-0.839651,4.01356
No,C7orf60,-0.660984,1.37021
No,C7orf66,0.914413,4.37372
No,C8orf22,0.849198,4.30399
No,C8orf4,3.13748,6.32376
No,C8orf47,0.944307,2.27116
No,C9orf171,0.840015,2.99964
No,C9orf38,0.776643,2.15853
No,C9orf85,0.999483,1.79017
No,CBFA2T2,0.997013,2.2416
No,CBX4,0.735653,1.69935
No,CCDC14,-1.0789,1.98173
No,CCDC41,1.47966,5.48849
No,CCL11,1.40239,8.14984
No,CCL2,1.89053,1.71759
No,CCNE1,0.7115,2.66
No,CCNT2,0.714409,2.32482
No,CD300E,1.09793,3.98324
No,CD52,1.27471,1.98128
No,CD63,0.817518,2.43583
No,CDCA8,-0.807543,1.30274
No,CDKL1,0.728239,2.62455
No,CELF1,-0.729063,1.30723
No,CEP57,-1.43015,1.85604
No,CHD6,0.771171,2.0689
No,CHMP7,0.722743,4.22794
No,CHPF,0.796826,3.12079
No,CITED1,1.10462,2.78428
No,CKS2,1.79568,4.91851
No,CLASP2,-0.825787,1.46208
No,CLEC7A,0.722176,1.37349
No,CLGN,1.62502,2.92541
No,CLIP1,1.12148,4.39297
No,CLN3,0.695342,2.30214
No,CMIP,0.87294,2.70051
No,CNKSR3,0.727303,3.0891
No,CP,0.84931,1.61762
No,CPN1,0.838976,3.68247
No,CPSF6,1.14637,3.37547
No,CRIPT,0.731539,2.23623
No,CRYGN,0.77461,2.87599
No,CSPP1,0.701935,1.43636
No,CSTA,2.64939,8.49132
No,CTSL1,1.22794,3.12651
No,CWC15,-0.866465,1.76617
No,CXCL10,2.33388,8.17371
No,CXorf18,0.806741,3.39781
No,CYB5B,-0.970169,1.6743
No,CYBA,0.844633,2.83099
No,CYLC1,0.668054,2.06856
No,CYP2A6,0.726918,3.3915
No,CYP2F1,1.07219,3.02347
No,DAB2,1.12343,4.65525
No,DAGLB,0.686456,5.50315
No,DAZAP2,0.84859,1.49208
No,DBNDD2,0.746338,2.83251
No,DCAF11,-0.805295,1.73231
No,DCTN4,0.687196,2.07166
No,DDIT3,1.89332,4.88116
No,DDX60L,0.905028,1.46133
No,DERL1,-0.671101,1.31187
No,DHX33,0.895688,3.72495
No,DIAPH1,0.811772,2.7948
No,DIS3,-1.0853,2.01799
No,DMXL1,1.6874,2.56932
No,DNAJC7,-0.751788,1.6453
No,DND1,0.897214,1.70566
No,DNM1L,1.17634,2.91887
No,DNMBP,0.729862,3.09523
No,DOCK5,0.722089,1.81118
No,DPY19L2P1,1.0656,2.84779
No,DTWD2,0.743526,1.76982
No,DUSP1,1.8943,4.04033
No,DUSP4,2.47807,8.81109
No,DUT,-0.701366,2.61535
No,ECHDC1,-1.23331,1.41536
No,ECM1,-0.702407,1.61386
No,EGR1,2.0002,2.36481
No,EGR3,2.99336,5.40808
No,EHF,0.952991,2.40599
No,EIF3L,-1.11351,1.51361
No,ELFN2,0.687886,3.5948
No,ELK3,0.718989,1.39932
No,ELOVL2,0.945914,2.15364
No,ENPP4,0.785611,4.01187
No,ENTPD4,0.933689,2.62447
No,ENTPD5,1.32893,1.53372
No,ENTPD6,1.01634,4.60358
No,ESCO1,-1.54538,2.18678
No,ESD,-0.954035,2.00929
No,EZR,1.16101,2.7804
No,FAAH,-0.952428,1.45379
No,FAIM2,0.77731,1.88757
No,FAM100A,1.13836,3.85332
No,FAM102B,0.738421,1.97796
No,FAM133A,1.14281,3.76067
No,FAM162A,0.953372,2.31426
No,FAM172A,-0.750634,1.51019
No,FAM27D1,1.00353,1.50532
No,FAM75D1,0.875909,3.65404
No,FAM83D,0.663346,1.7691
No,FAR1,0.7554,3.28402
No,FAU,0.67295,1.53372
No,FBXO25,1.49359,2.93701
No,FCER1G,1.13945,2.41045
No,FCGBP,0.670384,2.26362
No,FDFT1,1.32998,3.17209
No,FHOD1,0.972473,3.05946
No,FLJ14107,0.674468,1.55438
No,FLJ41327,0.998117,3.16282
No,FLJ44006,-0.930278,1.56943
No,FLJ45825,1.02076,3.31413
No,FLJ46111,0.831401,3.57549
No,FMO5,1.45943,2.69378
No,FMOD,1.09166,2.20375
No,FNBP4,-1.5138,1.95103
No,FOS,1.81483,2.05418
No,FTH1,0.905067,2.76548
No,FUS,0.832162,2.43903
No,FXC1,0.767353,1.59445
No,GALNT12,2.19625,7.65154
No,GALNT2,0.685794,2.17341
No,GALT,0.760949,1.9657
No,GANAB,0.773435,2.54019
No,GDE1,-0.850966,2.89155
No,GFPT1,1.23465,2.26791
No,GFRA2,1.1433,4.82912
No,GJD2,0.706063,2.40663
No,GK,0.834491,1.95423
No,GLT8D1,-1.16405,1.43582
No,GM2A,-0.755449,2.05914
No,GNG11,0.8428,2.1647
No,GNL2,0.697086,1.95523
No,GOLGA4,-0.706069,1.75039
No,H3F3B,1.15755,2.84579
No,HACL1,-0.784711,1.53335
No,HARS,0.740038,3.50607
No,HARS2,0.990385,2.79423
No,HCST,0.90741,2.29763
No,HEATR1,0.778299,1.71045
No,HEXA,-1.00609,1.81543
No,HGFAC,0.694906,2.29391
No,HIBADH,-1.19739,1.90355
No,HIST1H2AE,1.21902,2.0755
No,HIST1H2AK,0.802973,1.64816
No,HIST1H2BD,1.75691,3.51434
No,HIST1H2BG,1.67101,1.4047
No,HIST2H2AB,0.88041,3.14714
No,HIST2H2AC,1.31651,3.94234
No,HIST2H2BC,0.900504,2.2339
No,HIST2H2BE,1.72308,4.35129
No,HIST2H2BF,0.871793,1.5353
No,HIST2H3D,0.701598,1.88931
No,HM13,0.862262,3.59824
No,HMG20A,0.694851,1.60724
No,HMOX1,0.852332,2.5957
No,HSP90AB3P,0.68297,1.59077
No,HSPA1B,1.01807,1.92374
No,HSPB1,0.838116,1.68516
No,IAH1,-0.905376,1.62852
No,ICT1,1.00787,3.76615
No,IER2,1.32693,2.91676
No,IFI30,0.957343,2.42289
No,IL34,0.704183,2.95828
No,INSL5,0.671321,3.58318
No,IP6K2,-1.26823,1.9579
No,ITGA2,0.689178,1.64821
No,ITGAX,0.990257,4.32905
No,JMJD6,0.702125,1.38321
No,JUN,1.66654,3.21321
No,KARS,0.920883,3.0475
No,KCNA6,0.800681,4.05235
No,KCND2,0.692135,1.89834
No,KCNJ6,0.677072,2.45936
No,KCTD1,-1.46485,1.35604
No,KIAA0753,0.958651,2.07183
No,KIAA1107,0.831921,2.30777
No,KIAA1109,-0.846262,1.94943
No,KLF4,1.51028,1.74484
No,KLF5,0.772787,1.87364
No,KLK11,2.73227,7.22107
No,KLK4,-2.57914,1.85195
No,KPNA2,0.922355,2.52201
No,KPRP,0.680046,3.14524
No,KRT18,1.31872,2.81303
No,KRT8,1.58544,4.99658
No,LAMB2,-0.935436,1.64052
No,LAPTM5,0.854726,2.15579
No,LEPREL4,0.70803,1.59077
No,LGALS17A,0.788756,2.6278
No,LHX4,1.00761,2.73106
No,LILRA1,0.698671,2.43964
No,LIMA1,0.759844,1.64629
No,LIPH,0.9587,1.9743
No,LIPN,1.38312,4.27814
No,LOC100129112,0.980765,2.90974
No,LOC100130264,0.736219,2.56568
No,LOC100130872,-0.746478,1.67215
No,LOC100132992,0.816944,2.05155
No,LOC100288814,0.776236,3.19831
No,LOC284837,0.889755,4.28012
No,LOC338799,1.02129,2.05839
No,LOC440944,1.45718,2.91955
No,LOC441956,1.06253,1.90003
No,LOC442381,0.757722,2.62137
No,LOC494150,1.06735,3.00463
No,LOC643406,0.74575,2.03601
No,LOC652276,0.963013,2.55054
No,LOC728024,0.969374,2.12678
No,LOC729566,0.72362,2.85295
No,LRG1,1.36882,4.40856
No,LTF,1.5889,2.41135
No,LY86,1.03397,2.08003
No,LYPLA2,-0.737237,1.55939
No,LYZ,1.73356,3.70899
No,MADD,-1.01805,2.46535
No,MAFIP,1.11443,3.61868
No,MAGOHB,0.965934,2.39966
No,MAK,1.0405,3.19076
No,MAK16,1.06247,2.48229
No,MAMLD1,0.680186,2.1301
No,MAOA,-1.52331,1.4201
No,MARS,0.734191,2.16394
No,ME3,0.97738,4.62086
No,MFHAS1,1.01069,3.46918
No,MIR124-2,0.747388,1.8313
No,MIR153-1,0.674994,3.35616
No,MIR181A1,0.722978,2.19827
No,MIR25,-0.829451,1.49839
No,MIR622,1.61512,4.056
No,MMP10,1.00986,4.37068
No,MMP3,0.85097,2.75987
No,MORC2,0.84443,2.54177
No,MPPED2,3.46712,10.6872
No,MRE11A,-0.730531,1.53898
No,MRPL21,1.18572,2.00064
No,MRPL35,-0.939463,1.43
No,MRPS34,0.874823,2.84181
No,MS4A8B,1.96754,7.07283
No,MTCH2,-1.10861,2.55886
No,MTRR,0.675383,2.56768
No,MTUS1,1.23815,4.62564
No,MTX3,0.917917,2.58837
No,MUTED,0.727994,2.28588
No,MXRA5,0.755941,2.01083
No,MYADM,1.45321,3.40871
No,MYOZ3,0.707168,2.03833
No,N4BP2L2,-0.888684,1.65116
No,NAT10,0.777497,2.68379
No,NAV3,0.907031,3.15316
No,NBPF22P,0.709027,1.86848
No,NCDN,0.9732,3.20098
No,NCRNA00152,1.82535,3.11791
No,NCRNA00169,0.682058,2.03535
No,NDUFA7,0.75817,1.92603
No,NEK3,-1.0376,1.53772
No,NFATC2,0.731942,1.60939
No,NFKB2,1.54041,5.51145
No,NFKBIA,0.822891,1.55054
No,NOP58,0.894758,3.03147
No,NPAS2,0.771569,3.29183
No,NR4A1,2.01464,3.58129
No,NRL,0.713071,2.28193
No,NSUN7,0.930277,3.73979
No,NT5DC3,1.47006,3.46316
No,NTSR1,0.87444,2.19414
No,NUCB2,1.06498,2.75926
No,NUFIP1,0.908454,1.47146
No,NXT1,0.799767,2.3762
No,OGDH,-1.36152,1.49997
No,OR10A5,0.680954,3.28597
No,OR10D3,1.44561,6.37608
No,OR10P1,0.681398,1.94694
No,OR1A1,0.723515,2.1558
No,OR1S2,0.719634,1.48642
No,OR4N5,0.817707,2.11183
No,OR51A7,1.0596,3.68775
No,OR52E4,0.66574,3.29307
No,OR5M8,0.666255,3.1004
No,OR8B2,2.75139,13.4592
No,OR8B3,2.1178,10.9966
No,OR8B8,0.716101,3.0895
No,OR8G5,1.67684,9.29492
No,ORM1,0.733789,1.73479
No,OTUB1,0.749267,3.06599
No,OXA1L,-0.874171,1.67845
No,P2RX4,0.82281,1.93204
No,PA2G4,0.999814,1.48725
No,PAPOLA,-0.732149,1.62334
No,PAPPA2,0.681029,3.59167
No,PDLIM3,1.43867,1.70076
No,PDZD9,0.723705,1.68764
No,PEBP4,1.04275,2.28643
No,PGBD5,0.715795,4.20474
No,PGPEP1,-0.714239,1.30371
No,PHF8,0.692518,1.3629
No,PI16,0.700237,1.87226
No,PI3,1.08464,6.32449
No,PIGR,1.62018,3.74358
No,PIP,2.96583,14.55
No,PKDCC,1.09367,4.63732
No,PLAC8L1,0.868994,4.03377
No,PLCB4,0.752157,2.99675
No,PNRC2,-1.64271,1.75868
No,POLR3D,1.07543,4.81268
No,POR,0.845861,3.10608
No,POU4F2,0.690287,2.81451
No,PPAPDC1B,0.773028,1.33269
No,PPAPDC3,0.733469,2.78076
No,PPIF,1.06942,6.25859
No,PPP1R10,1.03155,3.26977
No,PPP2CA,0.705973,1.6354
No,PPP2CB,0.792793,2.23051
No,PPP3CC,1.01513,2.54268
No,PPP3R1,1.18942,4.01567
No,PRKD1,-0.796194,1.37285
No,PRMT3,1.02169,4.1091
No,PRORSD1P,0.704361,1.50526
No,PRPH2,0.687016,2.05058
No,PRR23B,0.825681,3.43884
No,PRR4,2.28297,9.49003
No,PRSS23,0.838453,1.33347
No,PRSS3,0.812798,2.1004
No,PSMD13,0.726397,2.69796
No,PSMD3,0.813606,2.96194
No,PTPN22,0.783349,3.87619
No,PTPRE,0.897886,3.95357
No,PTPRN2,0.927722,2.05001
No,PUS3,-0.679239,1.62538
No,PYGL,1.10004,2.7247
No,PYROXD1,-0.760394,1.58432
No,PYY,0.771681,2.18198
No,QDPR,-1.08535,1.365
No,QKI,0.676041,2.16117
No,R3HCC1,0.726171,1.92842
No,RAB21,0.712514,1.95024
No,RAB40AL,0.927817,3.75032
No,RASL11B,0.666904,3.25708
No,RASSF1,0.763841,2.74725
No,RBM27,1.01411,2.73474
No,RBM6,-1.0137,1.31291
No,RBMY1A1,0.694455,6.09986
No,RCSD1,0.683504,4.39111
No,RFX3,0.7837,3.12538
No,RGNEF,0.884565,4.73202
No,RHOB,0.774578,1.32366
No,RHOC,0.674791,1.99992
No,RIC8B,0.836447,2.47505
No,RING1,0.770871,2.70371
No,RIOK3,-0.808118,2.22794
No,RIPK2,0.848057,1.38324
No,RMND5B,-0.74527,1.38889
No,RNASET2,0.970817,3.98983
No,RNF10,0.707226,2.91907
No,RNF130,0.793187,2.45131
No,RPAP2,-1.04849,1.41086
No,RPE65,1.01347,3.94048
No,RPL23AP64,-0.757076,1.3796
No,RPLP1,0.792686,1.39025
No,RPN2,1.04786,1.86005
No,RPP38,-0.668551,1.61766
No,RRBP1,1.15528,3.80878
No,RRP8,0.899517,2.06842
No,S100A6,0.682943,1.52851
No,S100A8,1.11758,3.40624
No,S100P,0.913672,2.42901
No,SAA1,1.06875,5.32246
No,SAA2,0.868527,1.3866
No,SCARNA13,1.28141,2.4442
No,SCARNA5,1.46486,3.36712
No,SCARNA6,1.60841,3.42754
No,SDC2,2.23856,7.93811
No,SDC4,1.23517,2.35331
No,SDHAF2,0.992123,2.20162
No,SEC13,-0.701313,1.41551
No,SEC24B,0.905756,3.38027
No,SEPT10,-0.69849,1.5825
No,SERHL,1.73573,3.86952
No,SERPINB9,1.01479,2.46843
No,SERTAD1,0.67945,1.82863
No,SF3A3,-0.860783,1.38491
No,SF3B14,-0.684591,2.38104
No,SGMS2,0.668076,1.65779
No,SH2D4A,1.14808,5.05793
No,SHROOM3,0.973586,2.14979
No,SIGMAR1,0.802409,3.33851
No,SIPA1L2,1.17309,3.30753
No,SIX1,0.832795,1.41764
No,SLC16A1,1.40224,3.22835
No,SLC2A10,0.727285,2.89613
No,SLC2A3,2.32125,4.06103
No,SLC30A10,0.872188,3.76176
No,SLC35A4,0.837732,2.59435
No,SLC35C2,0.669873,2.65859
No,SLC38A2,0.665815,1.3487
No,SLC39A7,0.690656,1.66243
No,SLC44A4,1.36483,2.16547
No,SLC7A2,1.41836,2.34625
No,SLCO5A1,0.735495,4.01121
No,SMPD4,0.73153,2.00878
No,SNORA23,1.58569,2.64332
No,SNORA2A,1.46049,1.3859
No,SNORA45,1.03043,2.11101
No,SNORA48,0.994424,1.49795
No,SNORA52,1.20057,1.99763
No,SNORA57,0.705871,1.40497
No,SNORA60,1.41288,2.62134
No,SNORA80,1.05672,1.91424
No,SNORD116-13,2.0168,4.7598
No,SNORD15A,1.93961,3.71316
No,SNORD15B,1.8278,5.46311
No,SNORD1A,0.994837,1.67742
No,SNORD22,1.16253,2.33565
No,SNORD3A,1.08358,1.69913
No,SNORD51,1.49571,5.0313
No,SNORD59A,0.820774,2.03992
No,SNORD59B,1.62074,2.55106
No,SNORD60,0.750889,1.3082
No,SOCS5,0.690268,1.49413
No,SPATA5L1,0.879432,2.51926
No,SPATS2,0.701662,1.56988
No,SPRY4,1.12625,1.76887
No,SRD5A3,0.682005,3.11676
No,SRF,0.849679,1.42082
No,SRGN,1.25964,1.37632
No,SRSF7,0.800751,2.04226
No,SSSCA1,0.863641,1.75513
No,SSX8,0.949011,4.44514
No,ST6GALNAC4,0.665061,3.21112
No,STARD10,0.773111,1.94802
No,STC1,1.24071,1.83194
No,STK32B,0.708045,2.51599
No,STK38L,1.33831,3.27801
No,SYBU,1.05889,2.58689
No,SYK,0.725393,2.09449
No,SYS1,0.686728,2.62518
No,SYTL2,1.09652,1.31937
No,SYVN1,1.21694,4.90455
No,TAAR3,1.18196,7.86798
No,TAF1D,-0.893177,1.88611
No,TAPT1,0.739221,2.24628
No,TAS2R14,0.798044,2.48017
No,TAS2R60,0.72559,3.9474
No,TATDN2,-1.19157,1.94445
No,TBC1D30,1.15827,4.20373
No,TBC1D5,-1.00377,1.39918
No,TCF7L2,0.719148,1.33013
No,TERC,1.71425,3.74638
No,TESK2,0.732,1.46436
No,TFAP2C,0.848691,2.28495
No,TFPI2,0.822938,2.57828
No,THAP6,-0.666843,1.31861
No,THBS4,1.67599,1.51485
No,THOC7,-1.93465,1.40948
No,TIMM8A,0.894507,3.39104
No,TIMP1,0.977309,2.16304
No,TLR2,0.806184,4.15313
No,TMEM110,-0.924873,1.35207
No,TMEM163,0.821714,2.84708
No,TMEM185A,0.834307,1.93413
No,TMEM229A,0.911313,1.66816
No,TMEM41A,1.17106,3.59327
No,TMEM87A,0.685674,1.32582
No,TNC,1.74135,3.2115
No,TNFSF10,2.33233,6.22026
No,TNIK,0.992824,2.58326
No,TNKS,0.992756,3.0834
No,TOB1,1.11382,1.85941
No,TOMM40,0.808422,1.90892
No,TOP2B,-1.30831,1.87749
No,TOX3,0.922718,2.25668
No,TPMT,-0.676369,1.38417
No,TRAFD1,0.672745,1.30104
No,TREM1,1.37863,6.57136
No,TRIM27,1.09458,3.91125
No,TRPC4AP,1.12518,5.0431
No,TSG101,0.699498,1.74376
No,TSPAN8,1.008,1.30501
No,TSPYL2,0.896366,2.06234
No,TTC17,-1.08374,1.84077
No,TUBA1C,0.873658,1.9477
No,TUSC3,1.17968,3.26728
No,TXNIP,1.86831,4.14833
No,UBC,1.62417,5.49697
No,UBE2E2,-0.953876,1.64492
No,UBE4B,-0.783624,1.55794
No,UBXN8,0.669791,1.33155
No,UCN3,0.673064,3.08293
No,UCP2,1.46702,5.02688
No,UNC5A,0.710019,3.55981
No,USP28,-0.938478,1.97809
No,UTP20,0.668627,1.81989
No,VCP,0.743824,1.51657
No,VPS13B,1.17048,1.81347
No,VPS29,0.676389,1.47622
No,WDR67,0.807768,2.20873
No,XAGE3,0.788711,3.11696
No,XPO7,1.41419,4.65046
No,YME1L1,-1.15471,1.46158
No,ZBTB40,-0.703232,1.68545
No,ZMAT2,0.664638,1.99988
No,ZNF131,1.06542,4.15241
No,ZNF141,1.07413,2.96943
No,ZNF277,0.709321,2.09956
No,ZNF484,0.679095,1.33596
No,ZNF487P,0.990513,1.93114
No,ZNF596,0.768431,1.75731
No,ZNF716,0.735431,1.35103
No,ZNF821,0.769719,1.31905
No,ZNFX1,0.923414,1.7534
No,ZNHIT6,1.07361,6.01842
No,ZNRF3,-0.906532,2.0613
No,ZNRF4,0.694792,2.0744
